{"train_loss": [0.696485773, 0.672928341, 0.638754554, 0.571343809, 0.54564631, 0.402630001, 0.324527413, 0.249777911, 0.215681631, 0.112674458, 0.079395285, 0.061650082, 0.062987467, 0.043752289, 0.037719841, 0.03217557, 0.028641092, 0.03175973, 0.023574875, 0.019773674, 0.018176315, 0.016993925, 0.014722577, 0.013729075, 0.012571779, 0.011112156, 0.011554853, 0.010088902, 0.009897541, 0.008119866, 0.007407795, 0.007641063, 0.006333038, 0.006331346, 0.006379585, 0.00528216, 0.005300839, 0.005575001, 0.004403577, 0.004102858, 0.004555368, 0.004226516, 0.00433085, 0.003934859, 0.003094249, 0.002957474, 0.002733398, 0.002587553, 0.002433253, 0.002448065, 0.002281892, 0.002220961, 0.002232662, 0.001928399, 0.001927023, 0.001730483, 0.001470477, 0.001386431, 0.001602489, 0.00130985, 0.001233963, 0.001200225, 0.001299725, 0.001085349, 0.001086763, 0.00096853, 0.000966147, 0.00090527, 0.001070375, 0.000937452, 0.000767542, 0.000747844, 0.000671901, 0.000643427, 0.000627795, 0.000617201, 0.000670145, 0.000509066, 0.000620856, 0.000520617, 0.000603043, 0.000467572, 0.000415466, 0.000377952, 0.00043808, 0.000393862, 0.000373107, 0.000326014, 0.000297432, 0.000307359, 0.000278887, 0.000263972, 0.000255986, 0.000249234, 0.000237764, 0.00023916, 0.000258566, 0.000206396, 0.000202048, 0.000222237, 0.00020611, 0.000203573, 0.000162989, 0.000174478, 0.000161734, 0.000158198, 0.000133424, 0.000119981, 0.000126515, 0.000117048, 0.000134529, 0.000123053, 9.57e-05, 0.000118667, 0.000108381, 9.39e-05, 0.000111388, 0.000130655, 7.89e-05, 7.49e-05, 7.66e-05, 6.56e-05, 6.88e-05, 5.78e-05, 6.25e-05, 7.54e-05, 8.34e-05, 6.26e-05, 5.72e-05, 4.59e-05, 4.7e-05, 5.21e-05, 3.83e-05, 4.09e-05, 4.15e-05, 3.81e-05, 5.12e-05, 3.69e-05, 3.14e-05, 3.05e-05, 3.77e-05, 3.01e-05, 2.75e-05, 2.87e-05, 2.57e-05, 2.38e-05, 2.27e-05, 2.21e-05, 2.03e-05, 2.43e-05, 2.15e-05, 2.51e-05, 1.88e-05, 1.68e-05, 1.61e-05, 1.52e-05, 1.33e-05, 1.74e-05, 1.28e-05, 2.01e-05, 1.28e-05, 1.24e-05, 1.12e-05, 1.16e-05, 1.17e-05, 9.34e-06, 1.08e-05, 1.25e-05, 9.36e-06, 9.79e-06, 8.24e-06, 8.12e-06, 6.53e-06, 6.9e-06, 7.69e-06, 6.15e-06, 6.86e-06, 5.67e-06, 7.28e-06, 6.15e-06, 5.02e-06, 0.324484777, 0.337722879, 0.030036269, 0.004176611, 0.003290767, 0.003408383, 0.001493165, 0.001128259, 0.00110517, 0.000939858, 0.00060415, 0.000596836, 0.000512587, 0.000512517, 0.000624146, 0.000702669, 0.000567167, 0.00034837, 0.000331936], "train_acc": [0.526171875, 0.484765625, 0.515625, 0.487109375, 0.48359375, 0.491796875, 0.4953125, 0.48828125, 0.489453125, 0.487109375, 0.487109375, 0.490625, 0.490625, 0.6390625, 0.994140625, 1.0, 1.0, 0.98046875, 1.0, 1.0, 1.0, 1.0, 1.0, 1.0, 1.0, 1.0, 1.0, 1.0, 1.0, 1.0, 1.0, 1.0, 1.0, 1.0, 1.0, 1.0, 1.0, 1.0, 1.0, 1.0, 1.0, 1.0, 0.990625, 1.0, 1.0, 1.0, 1.0, 1.0, 1.0, 1.0, 1.0, 1.0, 1.0, 1.0, 1.0, 1.0, 1.0, 1.0, 1.0, 1.0, 1.0, 1.0, 1.0, 1.0, 1.0, 1.0, 1.0, 1.0, 1.0, 1.0, 1.0, 1.0, 1.0, 1.0, 1.0, 1.0, 1.0, 1.0, 1.0, 1.0, 1.0, 1.0, 1.0, 1.0, 1.0, 1.0, 1.0, 1.0, 1.0, 1.0, 1.0, 1.0, 1.0, 1.0, 1.0, 1.0, 1.0, 1.0, 1.0, 1.0, 1.0, 1.0, 1.0, 1.0, 1.0, 1.0, 1.0, 1.0, 1.0, 1.0, 1.0, 1.0, 1.0, 1.0, 1.0, 1.0, 1.0, 0.978515625, 1.0, 1.0, 1.0, 1.0, 1.0, 1.0, 1.0, 1.0, 0.986328125, 1.0, 1.0, 1.0, 1.0, 1.0, 1.0, 1.0, 1.0, 1.0, 1.0, 1.0, 1.0, 1.0, 1.0, 1.0, 1.0, 1.0, 1.0, 1.0, 1.0, 1.0, 1.0, 1.0, 1.0, 1.0, 1.0, 1.0, 1.0, 1.0, 1.0, 1.0, 1.0, 1.0, 1.0, 1.0, 1.0, 1.0, 1.0, 1.0, 1.0, 1.0, 1.0, 1.0, 1.0, 1.0, 1.0, 1.0, 1.0, 1.0, 1.0, 1.0, 1.0, 1.0, 1.0, 0.815234375, 0.77890625, 0.92578125, 1.0, 1.0, 0.998046875, 1.0, 1.0, 1.0, 1.0, 1.0, 1.0, 1.0, 1.0, 1.0, 1.0, 1.0, 1.0, 1.0], "test_loss": [0.694435298, 0.694288045, 0.692884594, 0.691176265, 0.691048682, 0.688117087, 0.688169956, 0.688215613, 0.690200597, 0.690195829, 0.729380637, 0.890644908, 1.064562976, 1.059740305, 0.90005368, 0.9372482, 0.968221784, 1.070486605, 1.059506416, 1.0511145, 1.053373516, 1.085149705, 1.136343718, 1.098147631, 1.160726905, 1.151679873, 1.164479613, 1.183953166, 1.155784547, 1.192013323, 1.197630703, 1.190540075, 1.205511451, 1.303884625, 1.265425444, 1.236822069, 1.257682323, 1.331899226, 1.290713131, 1.278784156, 1.406407773, 1.35706383, 2.025912523, 1.410441697, 1.702572346, 1.42927283, 1.384232998, 1.388400078, 1.406221509, 1.610742748, 1.429182529, 1.573781788, 1.443593144, 1.463403881, 1.484694779, 1.492368162, 1.484689951, 1.490178585, 1.522202969, 1.529529452, 1.490705729, 1.562415421, 1.966453731, 1.574869514, 1.691455483, 1.626517534, 1.691265404, 1.741450369, 1.640545964, 1.800308704, 1.665928483, 1.660053551, 1.651559412, 1.697188437, 1.678857327, 1.681838989, 1.680018842, 1.682620287, 2.347414136, 1.73398155, 1.825241089, 1.733387887, 1.725176811, 1.746983171, 1.848003268, 1.776298642, 1.774858892, 1.761253417, 1.801827729, 1.799439132, 1.815128028, 1.833494425, 1.788860261, 1.833938122, 1.868660986, 1.867452979, 2.23966527, 1.872404754, 1.850633681, 1.891931534, 1.901301861, 1.981169164, 1.904450238, 2.006397426, 1.98521471, 1.944751263, 1.936614275, 1.967875063, 1.99729991, 1.952213049, 1.99121511, 1.966155708, 2.007966101, 2.253534675, 2.027158916, 1.979870617, 2.18458724, 2.306430936, 2.113057494, 2.087756574, 2.130693495, 2.106863976, 2.157005727, 2.119515955, 2.169806778, 2.930657625, 2.515558124, 2.443521142, 2.114768744, 2.161390185, 2.189471304, 2.188256621, 2.195632756, 2.175759614, 2.216517866, 2.2329005, 2.190068245, 2.229637265, 2.255391002, 2.252548218, 2.426614642, 2.327769279, 2.32461828, 2.355815649, 2.322160125, 2.239544272, 2.341461658, 2.35239768, 2.361776352, 2.41696763, 2.342251539, 2.410063863, 2.423105478, 2.337453425, 2.42816484, 2.3593961, 2.486755788, 3.213343978, 2.448287368, 2.764290929, 2.547631979, 2.559427381, 2.520453811, 2.380526304, 2.546352863, 2.5156914, 2.510412693, 2.560603857, 2.558524489, 2.577122092, 2.582939625, 2.588149309, 2.593348503, 2.604487658, 2.556540966, 2.647946119, 2.562720299, 2.616659045, 2.57001245, 2.703498363, 2.647869468, 7.00732255, 3.765667558, 1.334753454, 1.642837703, 1.589498281, 1.58051163, 1.603236794, 1.707420707, 1.736612439, 1.707564175, 1.690822184, 1.728943706, 1.738027275, 1.719840348, 1.728770137, 1.779876113, 1.874602258, 1.867100596, 1.830714345],