{"train_loss": [0.700691682, 0.691290617, 0.695360578, 0.688032783, 0.693843915, 0.686566106, 0.676930493, 0.651657553, 0.597432135, 0.508323554, 0.389280772, 0.261022191, 0.15623626, 0.086218181, 0.04840928, 0.033235518, 0.024341886, 0.019023844, 0.015504657, 0.01279862, 0.010656672, 0.008925034, 0.007643808, 0.006586494, 0.005837563, 0.005227528, 0.004747088, 0.00422276, 0.003742971, 0.003301145, 0.002805981, 0.00255293, 0.002301729, 0.002095837, 0.001984981, 0.001758009, 0.001585703, 0.001469254, 0.001341241, 0.001262454, 0.001188453, 0.001064264, 0.000934883, 0.000858067, 0.000820878, 0.000768166, 0.00072365, 0.000673397, 0.000606052, 0.000548174, 0.000511168, 0.000456408, 0.00043065, 0.000392478, 0.000359745, 0.000324962, 0.000284548, 0.000279361, 0.000258924, 0.000233763, 0.000219722, 0.000203094, 0.000194897, 0.000195215, 0.000182269, 0.000181859, 0.000163177, 0.000142514, 0.000133, 0.000106939, 0.000104, 9.92e-05, 9.14e-05, 8.54e-05, 7.79e-05, 7.17e-05, 6.59e-05, 6.52e-05, 6.12e-05, 6.37e-05, 6.05e-05, 5.34e-05, 4.64e-05, 3.65e-05, 3.26e-05, 3.09e-05, 2.87e-05, 2.87e-05, 3.16e-05, 2.87e-05, 2.88e-05, 2.57e-05, 2.02e-05, 1.87e-05, 1.73e-05, 1.53e-05, 1.46e-05, 1.43e-05, 1.32e-05, 1.29e-05, 1.18e-05, 1.05e-05, 9.11e-06, 8.72e-06, 8.17e-06, 7.86e-06, 7.69e-06, 8.91e-06, 8.49e-06, 8.31e-06, 7.49e-06, 5.45e-06, 6.08539e-06, 0.226298866, 0.336248917, 0.354857611, 0.361621683, 0.171397582, 0.06345698, 0.045181924, 0.038697158, 0.002843166, 0.001040567, 0.000874396, 0.000745717, 0.000646479, 0.000523938, 0.000582414, 0.000497765, 0.000480495, 0.000460072, 0.000291297, 0.000288297, 0.000230717, 0.00021812, 0.000202897, 0.000168486, 0.000164033, 0.000150433, 0.00013586, 0.000159998, 0.000154463, 0.000144329, 0.000142942, 0.000117, 0.000109037, 0.000108, 9.53e-05, 8.25e-05, 7.59e-05, 6.17e-05, 6.39e-05, 6.55e-05, 5.91e-05, 5.97e-05, 5.19e-05, 4.39e-05, 4.09e-05, 3.71e-05, 3.52e-05, 3.42e-05, 3.52e-05, 3.35325e-05, 5.73e-05, 5.46e-05, 5.61e-05, 5.26e-05, 2.67e-05, 2.53e-05, 2.22e-05, 2.23e-05, 2.4e-05, 2.33e-05, 2.08e-05, 2.26e-05, 1.95e-05, 2.25e-05, 2.4e-05, 2.16e-05, 2.19e-05, 1.94e-05, 1.69e-05, 1.49e-05, 1.42e-05, 1.2e-05, 1.21e-05, 1.44e-05, 1.39e-05, 1.61e-05, 1.55e-05, 1.43e-05, 1.36e-05, 1.11e-05, 1.03e-05, 8.86e-06, 8.93e-06, 8.67e-06, 7.58e-06, 7.32e-06, 7.54e-06], "train_acc": [0.559294872, 0.534455128, 0.534455128, 0.528044872, 0.5390625, 0.522836538, 0.51181891, 0.502804487, 0.496394231, 0.551883013, 0.659455128, 0.784855769, 0.909254808, 0.980168269, 1.0, 1.0, 1.0, 1.0, 1.0, 1.0, 1.0, 1.0, 1.0, 1.0, 1.0, 1.0, 1.0, 1.0, 1.0, 1.0, 1.0, 1.0, 1.0, 1.0, 1.0, 1.0, 1.0, 1.0, 1.0, 1.0, 1.0, 1.0, 1.0, 1.0, 1.0, 1.0, 1.0, 1.0, 1.0, 1.0, 1.0, 1.0, 1.0, 1.0, 1.0, 1.0, 1.0, 1.0, 1.0, 1.0, 1.0, 1.0, 1.0, 1.0, 1.0, 1.0, 1.0, 1.0, 1.0, 1.0, 1.0, 1.0, 1.0, 1.0, 1.0, 1.0, 1.0, 1.0, 1.0, 1.0, 1.0, 1.0, 1.0, 1.0, 1.0, 1.0, 1.0, 1.0, 1.0, 1.0, 1.0, 1.0, 1.0, 1.0, 1.0, 1.0, 1.0, 1.0, 1.0, 1.0, 1.0, 1.0, 1.0, 1.0, 1.0, 1.0, 1.0, 1.0, 1.0, 1.0, 1.0, 1.0, 0.996794872, 0.902043269, 0.84375, 0.836538462, 0.83974359, 0.9140625, 0.972355769, 0.979567308, 0.979567308, 1.0, 1.0, 1.0, 1.0, 1.0, 1.0, 1.0, 1.0, 1.0, 1.0, 1.0, 1.0, 1.0, 1.0, 1.0, 1.0, 1.0, 1.0, 1.0, 1.0, 1.0, 1.0, 1.0, 1.0, 1.0, 1.0, 1.0, 1.0, 1.0, 1.0, 1.0, 1.0, 1.0, 1.0, 1.0, 1.0, 1.0, 1.0, 1.0, 1.0, 1.0, 1.0, 1.0, 1.0, 1.0, 1.0, 1.0, 1.0, 1.0, 1.0, 1.0, 1.0, 1.0, 1.0, 1.0, 1.0, 1.0, 1.0, 1.0, 1.0, 1.0, 1.0, 1.0, 1.0, 1.0, 1.0, 1.0, 1.0, 1.0, 1.0, 1.0, 1.0, 1.0, 1.0, 1.0, 1.0, 1.0, 1.0, 1.0], "test_loss": [0.69324711, 0.69309099, 0.693215132, 0.694771156, 0.687294573, 0.717990637, 0.669986203, 0.667565539, 0.650641464, 1.185589492, 0.783654302, 0.706508987, 0.655397892, 0.878511041, 0.743904084, 0.733501568, 1.208684683, 1.207131386, 1.058265537, 0.692232937, 0.698251158, 1.196785077, 0.971844032, 0.680591905, 0.80560188, 0.715111457, 0.738481842, 0.982238635, 1.396458656, 0.707449302, 0.982182115, 0.799130946, 0.78251572, 1.199842423, 0.737791474, 0.820267797, 0.846156798, 0.892608464, 0.951384917, 1.161248058, 0.903796807, 1.031677037, 1.166487113, 1.387982562, 0.870802477, 1.132494003, 1.594742984, 0.816901375, 1.029402822, 1.092241332, 1.079842657, 0.846241506, 0.926659212, 0.815925621, 1.28905049, 1.022531509, 0.890836082, 0.987974688, 1.668619439, 0.870302627, 1.102031142, 0.928635649, 0.996911258, 1.127232268, 1.83148551, 1.131312311, 1.722825512, 1.069204271, 0.914369298, 1.032253824, 1.124997571, 1.164070249, 0.947657032, 1.410143375, 0.963063218, 1.045983739, 1.004769605, 0.955721639, 1.762894854, 0.96581082, 0.923497459, 1.591896206, 1.050233439, 1.183462471, 1.045363904, 1.649207771, 1.315253139, 1.290581346, 1.170653149, 1.002207324, 1.431961238, 1.431660175, 2.319311947, 1.187745586, 1.307343572, 1.111233532, 1.157059729, 1.917336166, 1.199391946, 1.458250433, 1.181438066, 1.377501845, 1.764018595, 1.503238305, 1.200867534, 2.072301671, 2.153064193, 1.155731002, 1.536620528, 2.109334469, 1.32457003, 8.11403656, 0.925315451, 0.885867342, 0.907846153, 2.718460321, 1.318300694, 0.930839479, 0.845325537, 1.336004466, 1.844420969, 0.888023456, 1.049861625, 1.852845833, 0.990620807, 1.53818731, 1.022373179, 1.897264719, 1.769812226, 1.347608432, 0.973800153, 1.740049869, 1.561345667, 0.990237344, 2.030243814, 1.480016977, 1.103723317, 1.302578256, 1.525451362, 0.993256737, 1.000409208, 1.09852118, 1.464846402, 1.571884543, 1.591597974, 1.290976286, 1.179542407, 1.063303035, 1.083062157, 1.112102814, 1.254008785, 1.15507818, 1.147737555, 1.339482874, 1.269291073, 1.162663132, 1.159839556, 1.088918949, 1.744204819, 1.296775445, 1.756760538, 1.579902112, 1.713800579, 2.499315679, 1.836309105, 1.101001372, 1.320555225, 1.204479411, 1.477477849, 1.603204787, 1.141984165, 1.462618828, 1.17461589, 1.37663728, 1.524207383, 1.803987771, 1.119573537, 1.347138196, 1.329997644, 1.500031218, 1.496667087, 1.118514323, 1.271374151, 1.338303879, 1.143895328, 1.239684939, 1.210082956, 1.994618535, 1.554935277, 1.901634321, 1.51618591, 1.309284359, 1.221553281, 2.106803477, 1.342798159, 1.451587111, 1.394548178, 1.623147681, 1.32191357, 2.111445278],