{"train_loss": [0.8507815852761268, 0.6346943080425264, 0.616690993309021, 0.601679915189743, 0.5916820317506791, 0.5779485374689102, 0.5677980691194534, 0.5659748792648315, 0.5545229345560073, 0.5428219512104988, 0.5308300271630287, 0.5233203187584877, 0.5314806967973709, 0.5104739919304848, 0.5097475424408913, 0.49854771345853804, 0.49295749515295023, 0.5002570226788521, 0.4896788299083711, 0.4786456510424615, 0.4880814313888551, 0.4703678965568543, 0.47375045865774157, 0.4627734243869782, 0.4592185214161873, 0.4639750003814697, 0.4612829014658928, 0.458746586740017, 0.4476597353816031, 0.46286594271659853, 0.45214634686708444, 0.45025133788585664, 0.4390338659286499, 0.4370677299797534, 0.4549985364079475, 0.44402740448713307, 0.432691491395235, 0.431305392831564, 0.4405979141592979, 0.42913347259163853, 0.4281073592603206, 0.43820572942495345, 0.4265687443315983, 0.4258322171866894, 0.4251962341368199, 0.42464824542403223, 0.42417886480689043, 0.4355039924383163, 0.4353238850831985, 0.4232595212757587, 0.47098457515239717, 0.4350040629506111, 0.4349004313349724, 0.42275551483035084, 0.43470581322908397, 0.4346291840076446, 0.4345688611268998, 0.42223573997616776, 0.4221238166093826, 0.4344171985983848, 0.43438175022602077, 0.434371992945671, 0.446868059039116, 0.4468698248267174, 0.4219193764030933, 0.4343458846211434, 0.4218057580292225, 0.4343223616480827, 0.4217092134058476, 0.43429552018642414, 0.42165010645985607, 0.4215935721993447, 0.44707668721675875, 0.43431269675493245, 0.4215973325073719, 0.4215786509215832, 0.4598997220396996, 0.4470208480954169, 0.4343164026737214, 0.43429010808467866, 0.4216440699994564, 0.42157934382557877, 0.42157077938318255, 0.43431755304336545, 0.4215548500418663, 0.42150108143687254, 0.4471537068486214, 0.4215335682034493, 0.4343630820512771, 0.4343126237392425, 0.4215433426201344, 0.42151733860373497, 0.42147490233182894, 0.43436046391725536, 0.42150950580835334, 0.42146523073315617, 0.4343877270817757, 0.43435565829277034, 0.4214767150580883, 0.421455654501915], "train_acc": [0.21953124999999998, 0.14921875, 0.15677083333333333, 0.15677083333333333, 0.16432291666666668, 0.15677083333333333, 0.15677083333333336, 0.171875, 0.16432291666666665, 0.15677083333333333, 0.14921875, 0.14921875, 0.171875, 0.41328125000000004, 0.8432291666666665, 0.8507812499999999, 0.85078125, 0.8356770833333333, 0.8432291666666665, 0.8507812499999999, 0.8356770833333333, 0.8507812500000002, 0.8432291666666668, 0.85078125, 0.85078125, 0.8432291666666667, 0.8432291666666666, 0.8432291666666665, 0.8507812499999999, 0.8356770833333332, 0.8432291666666667, 0.8432291666666666, 0.85078125, 0.8507812500000003, 0.8356770833333335, 0.8432291666666667, 0.8507812499999999, 0.8507812499999999, 0.8432291666666667, 0.8507812500000002, 0.8507812499999999, 0.8432291666666666, 0.85078125, 0.8507812499999999, 0.85078125, 0.8507812500000002, 0.85078125, 0.8432291666666666, 0.8432291666666668, 0.8507812499999999, 0.8205729166666668, 0.8432291666666667, 0.8432291666666667, 0.8507812500000002, 0.8432291666666667, 0.8432291666666668, 0.8432291666666666, 0.8507812500000002, 0.85078125, 0.8432291666666667, 0.8432291666666666, 0.8432291666666667, 0.8356770833333335, 0.8356770833333333, 0.85078125, 0.8432291666666665, 0.85078125, 0.8432291666666668, 0.85078125, 0.8432291666666667, 0.8507812499999999, 0.8507812500000002, 0.8356770833333332, 0.8432291666666666, 0.85078125, 0.8507812499999999, 0.8281250000000001, 0.8356770833333333, 0.8432291666666666, 0.8432291666666666, 0.85078125, 0.85078125, 0.8507812500000002, 0.8432291666666665, 0.85078125, 0.85078125, 0.8356770833333333, 0.8507812499999999, 0.8432291666666665, 0.8432291666666665, 0.85078125, 0.8507812499999999, 0.85078125, 0.8432291666666666, 0.8507812500000003, 0.85078125, 0.8432291666666665, 0.8432291666666665, 0.85078125, 0.85078125], "test_loss": [0.6462255035127912, 0.625928521156311, 0.606607973575592, 0.5951496958732605, 0.5792508976800101, 0.5714117884635925, 0.5634963938168117, 0.5533120717321123, 0.5431277326175145, 0.535165045942579, 0.527458016361509, 0.5253190909113203, 0.5143148984227862, 0.505079733473914, 0.4991840847900936, 0.4963967459542411, 0.4973984786442348, 0.48974432264055523, 0.48524704149791176, 0.4772044845989772, 0.4733636677265167, 0.4806394832474845, 0.4617040881088802, 0.46600208112171715, 0.4544244834354946, 0.45562149797167095, 0.47032541888100765, 0.4546861861433301, 0.4521010688373021, 0.450162091425487, 0.45294563259397236, 0.44137206673622126, 0.4443354564053672, 0.43749081662723, 0.4362125609602247, 0.42428209100450787, 0.45489341020584106, 0.4430668907506125, 0.4200647217886789, 0.43012200508798876, 0.42918740851538517, 0.4285163496221815, 0.4277724495955876, 0.4152189322880336, 0.42051162464278086, 0.4260392103876386, 0.4317638661180224, 0.4377366432121822, 0.43135220238140654, 0.42480889814240597, 0.43114682180540903, 0.41841441818646025, 0.4245829369340624, 0.44350968088422504, 0.41144987515040804, 0.4370250084570476, 0.4305308588913509, 0.4239291208130973, 0.4368772038391658, 0.4172188511916569, 0.43685297880853924, 0.43684411900384085, 0.4105936757155827, 0.43685706172670635, 0.41046229430607384, 0.4038169043404715, 0.423553786107472, 0.46337254132543293, 0.43015569874218534, 0.4234853557177952, 0.44352370074817116, 0.4099622198513576, 0.4234402222292764, 0.4301334832395826, 0.4233985883849008, 0.4368557717118945, 0.45022342886243544, 0.4301466877971377, 0.4301455361502511, 0.4435021834714072, 0.4167302080563136, 0.4301207789352962, 0.4368551969528198, 0.43011608294078274, 0.41660503830228535, 0.41657301783561707, 0.4233749892030444, 0.41659401995795114, 0.430112361907959, 0.43011320063046043, 0.4165813837732587, 0.41655408910342623, 0.4640794353825705, 0.4436816956315721, 0.42331767082214355, 0.4369267906461443, 0.4233156102044242, 0.43690405573163715, 0.409711309841701, 0.41649273463657926], "test_acc": [0.15233415233415235, 0.15233415233415235, 0.15233415233415235, 0.15233415233415235, 0.15233415233415235, 0.15233415233415235, 0.15233415233415235, 0.15233415233415235, 0.15233415233415235, 0.15233415233415235, 0.15233415233415235, 0.15233415233415235, 0.15233415233415235, 0.8476658476658476, 0.8476658476658476, 0.8476658476658476, 0.8476658476658476, 0.8476658476658476, 0.8476658476658476, 0.8476658476658476, 0.8476658476658476, 0.8476658476658476, 0.8476658476658476, 0.8476658476658476, 0.8476658476658476, 0.8476658476658476, 0.8476658476658476, 0.8476658476658476, 0.8476658476658476, 0.8476658476658476, 0.8476658476658476, 0.8476658476658476, 0.8476658476658476, 0.8476658476658476, 0.8476658476658476, 0.8476658476658476, 0.8476658476658476, 0.8476658476658476, 0.8476658476658476, 0.8476658476658476, 0.8476658476658476, 0.8476658476658476, 0.8476658476658476, 0.8476658476658476, 0.8476658476658476, 0.8476658476658476, 0.8476658476658476, 0.8476658476658476, 0.8476658476658476, 0.8476658476658476, 0.8476658476658476, 0.8476658476658476, 0.8476658476658476, 0.8476658476658476, 0.8476658476658476, 0.8476658476658476, 0.8476658476658476, 0.8476658476658476, 0.8476658476658476, 0.8476658476658476, 0.8476658476658476, 0.8476658476658476, 0.8476658476658476, 0.8476658476658476, 0.8476658476658476, 0.8476658476658476, 0.8476658476658476, 0.8476658476658476, 0.8476658476658476, 0.8476658476658476, 0.8476658476658476, 0.8476658476658476, 0.8476658476658476, 0.8476658476658476, 0.8476658476658476, 0.8476658476658476, 0.8476658476658476, 0.8476658476658476, 0.8476658476658476, 0.8476658476658476, 0.8476658476658476, 0.8476658476658476, 0.8476658476658476, 0.8476658476658476, 0.8476658476658476, 0.8476658476658476, 0.8476658476658476, 0.8476658476658476, 0.8476658476658476, 0.8476658476658476, 0.8476658476658476, 0.8476658476658476, 0.8476658476658476, 0.8476658476658476, 0.8476658476658476, 0.8476658476658476, 0.8476658476658476, 0.8476658476658476, 0.8476658476658476, 0.8476658476658476]}