{"train_loss": [1354.2566108182075, 0.4764256924390793, 0.4487024247646332, 0.43021982386708263, 0.4271014578640461, 0.4384708777070046, 0.4259780913591385, 0.4384015992283821, 0.42599423378705975, 0.4513281419873237, 0.45091979354619977, 0.4385286599397659, 0.43851824104785914, 0.4634122848510742, 0.4390104770660401, 0.4261144496500492, 0.4385037407279015, 0.4259719602763653, 0.4385384351015091, 0.45115595906972883, 0.43868729323148725, 0.42620263025164606, 0.4383116900920868, 0.4257700346410274, 0.43874794989824295, 0.43858774453401567, 0.4261167980730533, 0.45132970213890067, 0.4640219539403916, 0.4387248754501342, 0.43868991732597357, 0.4385305881500245, 0.4261831842362881, 0.42559787854552267, 0.45169318765401845, 0.4384883150458336, 0.4261572450399398, 0.4260607726871967, 0.42591532319784164, 0.43859954625368125, 0.42605570629239076, 0.43871573358774185, 0.4512947008013726, 0.42616244032979006, 0.42564108148217206, 0.4385324090719223, 0.43860176652669913, 0.42590254545211803, 0.4257313758134842, 0.43866438418626774, 0.4513836890459061, 0.4261122383177281, 0.42582034841179844, 0.4258921995759011, 0.42597192004323003, 0.4515348047018051, 0.4262461483478546, 0.4257928125560283, 0.4516432330012321, 0.4262494139373303, 0.42584773004055027, 0.42580259367823603, 0.4514870077371597, 0.42616671249270444, 0.4514722496271134, 0.4260230787098407, 0.42580457180738446, 0.451431792974472, 0.43857055008411405, 0.43873717337846757, 0.4509152799844742, 0.45106987655162817, 0.450956104695797, 0.43872732222080224, 0.4512226313352585, 0.4262798748910427, 0.45134639143943783, 0.4636627420783044, 0.4263997592031955, 0.46367481499910357, 0.450738950073719, 0.42688156291842455, 0.4510617539286613, 0.4385917708277703, 0.42603826448321336, 0.4384474202990531, 0.42586495727300655, 0.4259205363690852, 0.4260590113699436, 0.4259910650551319, 0.4260593317449093, 0.4518606781959533, 0.4260685533285141, 0.4384391069412231, 0.4384340792894364, 0.42583784535527225, 0.4259570121765137, 0.43861084580421444, 0.42575600370764727, 0.42583456262946123], "train_acc": [0.4736979166666667, 0.8333333333333333, 0.8408854166666665, 0.8484375000000002, 0.8484375000000001, 0.8408854166666666, 0.8484375, 0.8408854166666665, 0.8484375000000001, 0.8333333333333335, 0.8333333333333335, 0.8408854166666665, 0.8408854166666666, 0.8257812499999999, 0.8408854166666666, 0.8484375000000001, 0.8408854166666665, 0.8484375000000001, 0.8408854166666665, 0.8333333333333334, 0.8408854166666665, 0.8484374999999998, 0.8408854166666665, 0.8484375000000002, 0.8408854166666668, 0.8408854166666667, 0.8484375, 0.8333333333333333, 0.8257812499999999, 0.8408854166666667, 0.8408854166666666, 0.8408854166666665, 0.8484375000000002, 0.8484375000000002, 0.8333333333333334, 0.8408854166666667, 0.8484375000000001, 0.8484375, 0.8484375000000002, 0.8408854166666665, 0.8484375000000001, 0.8408854166666667, 0.8333333333333334, 0.8484375000000001, 0.8484375000000001, 0.8408854166666666, 0.8408854166666666, 0.8484375000000001, 0.8484375, 0.8408854166666665, 0.8333333333333334, 0.8484375, 0.8484375000000001, 0.8484374999999998, 0.8484375, 0.8333333333333334, 0.8484375000000001, 0.8484375, 0.8333333333333331, 0.8484375000000001, 0.8484375, 0.8484375000000003, 0.8333333333333333, 0.8484375, 0.8333333333333334, 0.8484375, 0.8484375000000002, 0.8333333333333334, 0.8408854166666666, 0.8408854166666666, 0.8333333333333333, 0.8333333333333335, 0.8333333333333335, 0.8408854166666667, 0.8333333333333334, 0.8484375000000001, 0.8333333333333333, 0.82578125, 0.8484375000000002, 0.82578125, 0.8333333333333333, 0.8484375000000001, 0.8333333333333335, 0.8408854166666664, 0.8484375000000001, 0.8408854166666666, 0.8484375, 0.8484375, 0.8484375000000001, 0.8484375, 0.8484375, 0.8333333333333336, 0.8484375000000001, 0.8408854166666668, 0.8408854166666666, 0.8484375000000001, 0.8484375000000001, 0.8408854166666667, 0.8484375, 0.8484375000000001], "test_loss": [0.46221005916595453, 0.43178883194923406, 0.41657135742051266, 0.40930401001657757, 0.43256293875830515, 0.4194594579083578, 0.4121688902378083, 0.41891943556921823, 0.4187433889933995, 0.41294487459318974, 0.41360122816903255, 0.40642046502658297, 0.41257330775260925, 0.41496224062783377, 0.41327543343816486, 0.4053250976971217, 0.39938870072364807, 0.418647825717926, 0.4121812326567514, 0.40668450083051405, 0.41282169307981226, 0.412100898368018, 0.399074239390237, 0.40472899590219774, 0.4187309784548623, 0.42564994948250906, 0.4187078773975373, 0.4196387614522662, 0.41473256264414105, 0.4131334509168353, 0.41287718500409804, 0.432439033474241, 0.4119882924216134, 0.4045754756246294, 0.40620160954339163, 0.4056670538016728, 0.4118599210466657, 0.4117263044629778, 0.40487016524587355, 0.4121995610850198, 0.40480369116578785, 0.40527176005499704, 0.41975662112236023, 0.4051742596285684, 0.4254994988441468, 0.43226453236171175, 0.4255574771336147, 0.4185660524027688, 0.4393523931503296, 0.4118771212441581, 0.4068737072604043, 0.40497978670256474, 0.42550963589123314, 0.39763630926609045, 0.4324085882731846, 0.406320972102029, 0.41868450386183603, 0.4046545369284494, 0.41911754437855303, 0.4187163795743669, 0.41856819816998075, 0.40464386343955994, 0.4259447242532457, 0.39140328764915466, 0.41284959656851633, 0.45270372288567684, 0.42547938227653503, 0.40621874587876455, 0.4125527611800603, 0.41930071370942246, 0.40116744807788307, 0.42022583314350676, 0.4144232017653329, 0.4132156882967268, 0.4139414557388851, 0.4051907871450697, 0.40007456285612925, 0.4087005598204476, 0.4255858361721039, 0.40813337053571425, 0.42743393353053505, 0.41248751112392973, 0.4068478175571986, 0.4323878969464984, 0.4187460158552442, 0.4188629686832428, 0.4117792802197593, 0.4117226728371211, 0.4047448294503348, 0.42551324622971665, 0.4185527690819332, 0.39269356216703144, 0.43907971893038067, 0.4389328488281795, 0.4126077762671879, 0.41175774591309683, 0.4116298088005611, 0.41895564964839394, 0.4531588043485369, 0.4325161661420549], "test_acc": [0.855036855036855, 0.855036855036855, 0.855036855036855, 0.855036855036855, 0.855036855036855, 0.855036855036855, 0.855036855036855, 0.855036855036855, 0.855036855036855, 0.855036855036855, 0.855036855036855, 0.855036855036855, 0.855036855036855, 0.855036855036855, 0.855036855036855, 0.855036855036855, 0.855036855036855, 0.855036855036855, 0.855036855036855, 0.855036855036855, 0.855036855036855, 0.855036855036855, 0.855036855036855, 0.855036855036855, 0.855036855036855, 0.855036855036855, 0.855036855036855, 0.855036855036855, 0.855036855036855, 0.855036855036855, 0.855036855036855, 0.855036855036855, 0.855036855036855, 0.855036855036855, 0.855036855036855, 0.855036855036855, 0.855036855036855, 0.855036855036855, 0.855036855036855, 0.855036855036855, 0.855036855036855, 0.855036855036855, 0.855036855036855, 0.855036855036855, 0.855036855036855, 0.855036855036855, 0.855036855036855, 0.855036855036855, 0.855036855036855, 0.855036855036855, 0.855036855036855, 0.855036855036855, 0.855036855036855, 0.855036855036855, 0.855036855036855, 0.855036855036855, 0.855036855036855, 0.855036855036855, 0.855036855036855, 0.855036855036855, 0.855036855036855, 0.855036855036855, 0.855036855036855, 0.855036855036855, 0.855036855036855, 0.855036855036855, 0.855036855036855, 0.855036855036855, 0.855036855036855, 0.855036855036855, 0.855036855036855, 0.855036855036855, 0.855036855036855, 0.855036855036855, 0.855036855036855, 0.855036855036855, 0.855036855036855, 0.855036855036855, 0.855036855036855, 0.855036855036855, 0.855036855036855, 0.855036855036855, 0.855036855036855, 0.855036855036855, 0.855036855036855, 0.855036855036855, 0.855036855036855, 0.855036855036855, 0.855036855036855, 0.855036855036855, 0.855036855036855, 0.855036855036855, 0.855036855036855, 0.855036855036855, 0.855036855036855, 0.855036855036855, 0.855036855036855, 0.855036855036855, 0.855036855036855, 0.855036855036855]}